CID	Canonical SMILES	CompoundName	initial_approval_year	DILI_label
34359	C[C@@](Cc1ccc(O)c(O)c1)(NN)C(=O)O	CARBIDOPA	1975	0
1935	Nc1c2CCCCc2nc3ccccc13	TACRINE	1993	1
56330	CCOC(=O)[C@H](CCc1ccccc1)N[C@H]2CCCN3CCC[C@H](N3C2=O)C(=O)O	CILAZAPRIL	1993	1
9433	CN1C(=O)N(C)c2nc[nH]c2C1=O.CN3C(=O)N(C)c4nc[nH]c4C3=O.NCCN	AMINOPHYLLINE	1951	0
2315	NS(=O)(=O)c1cc2c(NC(Cc3ccccc3)NS2(=O)=O)cc1C(F)(F)F	BENDROFLUMETHIAZIDE	1959	1
60700	CC[C@@]1(O)C(=O)OCC2=C1C=C3N(Cc4cc5c(CN(C)C)c(O)ccc5nc34)C2=O	TOPOTECAN	1996	0
4409	COc1ccc2cc(CCC(=O)C)ccc2c1	NABUMETONE	1993	0
451668	NC1=NC(=O)N(C=N1)[C@H]2C[C@H](O)[C@@H](CO)O2	DECITABINE	1996	0
3961	CCCCc1nc(Cl)c(CO)n1Cc2ccc(cc2)c3ccccc3c4nn[nH]n4	LOSARTAN	1995	1
11339	CCCCC(CC)COC(=O)CC(C(=O)OCC(CC)CCCC)S(=O)(=O)O	DOCUSATE	1900	0
5362124	CCOC(=O)[C@H](CCc1ccccc1)N[C@H]2CCc3ccccc3N(CC(=O)O)C2=O	BENAZEPRIL	1991	1
2910	NS(=O)(=O)c1cc2c(NC(NS2(=O)=O)C3CC4CC3C=C4)cc1Cl	CYCLOTHIAZIDE	1963	1
3351	Clc1ccc(OCC(=O)N2CCN(Cc3ccc4OCOc4c3)CC2)cc1	FIPEXIDE	1983	1
3435	[O-][N+](=O)c1oc(C=NN2CCOC2=O)cc1	FURAZOLIDONE	1958	1
446598	CCC[C@@H]1C[C@H](N(C)C1)C(=O)N[C@H]([C@H](C)Cl)[C@H]2O[C@H](SC)[C@H](O)[C@@H](O)[C@H]2O	CLINDAMYCIN	1970	1
5479529	CO\N=C(/C(=O)N[C@H]1[C@H]2SCC(=C(N2C1=O)C(=O)O)COC(=O)N)\c3occc3	CEFUROXIME	1980	1
2333	CCc1oc2ccccc2c1C(=O)c3cc(Br)c(O)c(Br)c3	BENZBROMARONE	1970	1
3779	CC(C)NCC(O)c1ccc(O)c(O)c1	ISOPROTERENOL	1954	0
4064	CCCC(C)(COC(=O)N)COC(=O)N	MEPROBAMATE	1959	0
2833	COC1=CC=C2C(=CC1=O)C(CCc3cc(OC)c(OC)c(OC)c23)NC(=O)C	COLCHICINE	1950	0
4201	NC1=CC(=NC(=N)N1O)N2CCCCC2	MINOXIDIL	1979	0
6196	Cc1onc(c2ccccc2)c1C(=O)N[C@H]3[C@H]4SC(C)(C)[C@@H](N4C3=O)C(=O)O	OXACILLIN	1976	1
53232	CC[C@H](C)C(=O)O[C@H]1C[C@@H](C)C=C2C=C[C@H](C)[C@H](CC[C@@H]3C[C@@H](O)CC(=O)O3)[C@@H]12	LOVASTATIN	1987	1
3598	Oc1c(Cl)cc(Cl)c(Cl)c1Cc2c(O)c(Cl)cc(Cl)c2Cl	HEXACHLOROPHENE	1950	1
2578	ClCCNC(=O)N(CCCl)N=O	CARMUSTINE	1975	0
2141	NCCCNCCSP(=O)(O)O	AMIFOSTINE	1995	0
708857	CN1CCCN=C1\C=C\c2cccs2	PYRANTEL	1973	0
3305	CC(O)(P(=O)(O)O)P(=O)(O)O	ETIDRONIC ACID	1977	0
5359476	OC(=O)C1=C\C(=N/Nc2ccc(cc2)S(=O)(=O)Nc3ccccn3)\C=CC1=O	SULFASALAZINE	1950	1
131204	CC(C)(CO)[C@@H](O)C(=O)NCCCO	DEXPANTHENOL	1951	0
19675	CC(=O)c1ccc2Sc3ccccc3N(CCCN4CCC(CCO)CC4)c2c1	PIPERACETAZINE	1969	1
2179	COc1cc(NS(=O)(=O)C)ccc1Nc2c3ccccc3nc4ccccc24	AMSACRINE	1983	1
4114	COc1c2OC(=O)C=Cc2cc3ccoc13	METHOXSALEN	1954	1
5311051	C[C@H]1C[C@H]2[C@@H]3CCC4=CC(=O)C=C[C@]4(C)[C@@]3(F)[C@@H](O)C[C@]2(C)[C@@]1(O)C(=O)CCl	CLOBETASOL	1985	1
60464	C[C@@H]1CN(C[C@H](C)N1)c2c(F)c(N)c3C(=O)C(=CN(C4CC4)c3c2F)C(=O)O	SPARFLOXACIN	1996	1
657308	[Br-].CC(C)[N+]1(C)[C@@H]2CC[C@H]1CC(C2)OC(=O)C(CO)c3ccccc3	IPRATROPIUM	1986	0
3356	FC(F)(F)COc1ccc(OCC(F)(F)F)c(c1)C(=O)NCC2CCCCN2	FLECAINIDE	1966	1
39186	COc1ccc(cc1)[C@@H]2Sc3ccccc3N(CCN(C)C)C(=O)[C@@H]2OC(=O)C	DILTIAZEM	1982	1
5152	OCc1cc(ccc1O)C(O)CNCCCCCCOCCCCc2ccccc2	SALMETEROL	1994	0
3518	NC(=NCCN1CCCCCCC1)N	GUANETHIDINE	1960	0
44093	C[C@H](CS)C(=O)N1CCC[C@H]1C(=O)O	CAPTOPRIL	1981	1
4034	Cc1cccc(CN2CCN(CC2)C(c3ccccc3)c4ccc(Cl)cc4)c1	MECLIZINE	1954	0
5280453	C[C@H](CCCC(C)(C)O)[C@H]1CC[C@H]2\C(=C\C=C/3\C[C@@H](O)C[C@H](O)C3=C)\CCC[C@]12C	CALCITRIOL	1979	0
60021	CC1CN(CCN1)c2cc3N(C=C(C(=O)O)C(=O)c3cc2F)c4ccc(F)cc4F	TEMAFLOXACIN	1992	1
4915	CNNCc1ccc(cc1)C(=O)NC(C)C	PROCARBAZINE	1970	1
5833	CC(=O)S[C@@H]1CC2=CC(=O)CC[C@]2(C)[C@H]3CC[C@@]4(C)[C@@H](CC[C@@]45CCC(=O)O5)[C@H]13	SPIRONOLACTONE	1959	1
5775	Cc1ccc(cc1)N(CC2=NCCN2)c3cccc(O)c3	PHENTOLAMINE	1953	0
3516	COc1ccccc1OCC(O)CO	GUAIFENESIN	1958	0
3637	NNc1nncc2ccccc12	HYDRALAZINE	1952	1
5526	NCC1CCC(CC1)C(=O)O	TRANEXAMIC ACID	1986	0
3488	COc1ccc(Cl)cc1C(=O)NCCc2ccc(cc2)S(=O)(=O)NC(=O)NC3CCCCC3	GLIBENCLAMIDE	1971	1
4033	CN(CCCl)CCCl	MECHLORETHAMINE	1949	0
667490	S=C1N=CNc2nc[nH]c12	MERCAPTOPURINE	1954	1
656668	COC(=O)C1=C(C)NC(=C([C@@H]1c2cccc(c2)[N+](=O)[O-])C(=O)O[C@@H]3CCCN(Cc4ccccc4)C3)C	BENIDIPINE	1991	1
2130	NC12CC3CC(CC(C3)C1)C2	AMANTADINE	1973	0
40704	COc1cc(Br)c(C[N+]2(CCOCCC3CCC4CC3C4(C)C)CCOCC2)cc1OC	PINAVERIUM	1993	1
1983	CC(=O)Nc1ccc(O)cc1	ACETAMINOPHEN	1949	1
3000226	C[C@@H]1[C@H](O)CC[C@@]2(C)[C@H]1CC[C@@]3(C)[C@H]2[C@H](O)C[C@H]4\C(=C(/CCC=C(C)C)\C(=O)O)\[C@H](C[C@]34C)OC(=O)C	FUSIDIC ACID	1980	1
4912	CC(C)(C)c1cc(SC(C)(C)Sc2cc(c(O)c(c2)C(C)(C)C)C(C)(C)C)cc(c1O)C(C)(C)C	PROBUCOL	1995	0
6237	CCc1oc2ccccc2c1C(=O)c3cc(I)c(O)c(I)c3	BENZIODARONE	1962	1
30323	COc1cccc2C(=O)c3c(O)c4C[C@](O)(C[C@H](O[C@H]5C[C@H](N)[C@H](O)[C@H](C)O5)c4c(O)c3C(=O)c12)C(=O)C	DAUNORUBICIN	1971	0
68682	NCC[C@H](O)C(=O)N[C@@H]1C[C@H](N)[C@@H](O[C@H]2O[C@H](CN)CC[C@H]2N)[C@H](O)[C@H]1O[C@H]3O[C@H](CO)[C@@H](O)[C@H](N)[C@H]3O	ARBEKACIN	1990	1
5479530	CO\N=C(/C(=O)N[C@H]1[C@H]2SCC(=C(N2C1=O)C(=O)O)CSC3=NC(=O)C(=O)NN3C)\c4csc(N)n4	CEFTRIAXONE	1987	1
3121	CCCC(CCC)C(=O)O	VALPROIC ACID	1978	1
3291	CCC1(C)CC(=O)NC1=O	ETHOSUXIMIDE	1960	0
3080	OCC(S)CS	DIMERCAPROL	1995	0
8378	NC[C@@H]1O[C@H](O[C@H]2[C@@H](O)[C@H](O[C@@H]3[C@@H](O)[C@H](N)C[C@H](N)[C@H]3O[C@H]4O[C@H](CN)[C@@H](O)[C@H](O)[C@H]4N)O[C@@H]2CO)[C@H](N)[C@@H](O)[C@@H]1O	NEOMYCIN	1951	0
2140	CC(=O)Nc1c(I)c(NC(=O)C)c(I)c(C(=O)O)c1I	DIATRIZOATE	1954	0
3366	NC1=C(F)C=NC(=O)N1	FLUCYTOSINE	1971	0
60838	CCc1c2CN3C(=O)C4=C(C=C3c2nc5ccc(OC(=O)N6CCC(CC6)N7CCCCC7)cc15)[C@@](O)(CC)C(=O)OC4	IRINOTECAN	1996	1
4091	CN(C)C(=N)N=C(N)N	METFORMIN	1993	1
10917	C[N+](C)(C)C[C@H](O)CC(=O)[O-]	L-CARNITINE	1985	0
5530	NC1CC1c2ccccc2	TRANYLCYPROMINE	1989	1
19649	CN[C@H]1[C@H](O)[C@@H](O)[C@H](CO)O[C@H]1O[C@H]2[C@H](O[C@H]3[C@H](O)[C@@H](O)[C@H](N=C(N)N)[C@@H](O)[C@@H]3N=C(N)N)O[C@@H](C)[C@]2(O)C=O	STREPTOMYCIN	1952	0
5826	C[C@H](N)Cc1ccccc1	DEXTROAMPHETAMINE	1975	0
5717	COc1cc(ccc1Cc2cn(C)c3ccc(NC(=O)OC4CCCC4)cc23)C(=O)NS(=O)(=O)c5ccccc5C	ZAFIRLUKAST	1996	1
3675	NNCCc1ccccc1	PHENELZINE	1961	1
441289	CC(=O)O[C@H]1C[C@@H]2CC[C@@H]3[C@H](CC[C@@]4(C)[C@H]3C[C@@H]([C@@H]4OC(=O)C)[N+]5(C)CCCCC5)[C@@]2(C)C[C@@H]1[N+]6(C)CCCCC6	PANCURONIUM	1973	0
338	OC(=O)c1ccccc1O	SALICYLIC ACID	1920	1
10531	CN1C[C@@H](C[C@H]2[C@H]1Cc3c[nH]c4cccc2c34)C(=O)N[C@]5(C)O[C@@]6(O)[C@@H]7CCCN7C(=O)[C@H](Cc8ccccc8)N6C5=O	DIHYDROERGOTAMINE	1946	0
12035	CC(=O)N[C@@H](CS)C(=O)O	ACETYLCYSTEINE	1984	0
45266502	CCCCC[C@](C)(O)\C=C\[C@H]1[C@@H](O)C[C@H](O)[C@@H]1C\C=C/CCCC(=O)[O-].[NH3+]C(CO)(CO)CO	CARBOPROST TROMETHAMINE	1979	0
9294	CN[C@@H](C)[C@H](O)c1ccccc1	EPHEDRINE	1951	0
5429	CN1C(=O)NC(=O)c2c1ncn2C	THEOBROMINE	1921	1
68712	C1CN=C(NC(C2CC2)C3CC3)O1	RILMENIDINE	1960	1
60825	NC1=NC(=O)N(C=C1)[C@@H]2CS[C@H](CO)O2	LAMIVUDINE	1995	1
5780	OC[C@@H](O)[C@@H](O)[C@H](O)[C@@H](O)CO	SORBITOL	1975	0
4212	OCCNCCNc1ccc(NCCNCCO)c2C(=O)c3c(O)ccc(O)c3C(=O)c12	MITOXANTRONE	1984	1
5351166	CN(C)N\N=C\1/N=CN=C1C(=O)N	DACARBAZINE	1976	1
21319	Cc1onc(c1C(=O)N[C@H]2[C@H]3SC(C)(C)[C@@H](N3C2=O)C(=O)O)c4c(F)cccc4Cl	FLUCLOXACILLIN	1981	1
2724354	OC(=O)[C@H](S)[C@H](S)C(=O)O	SUCCIMER	1991	1
6098	Cc1onc(c2ccccc2Cl)c1C(=O)N[C@H]3[C@H]4SC(C)(C)[C@@H](N4C3=O)C(=O)O	CLOXACILLIN	1963	1
5484727	CCOC(=O)[C@H](CCc1ccccc1)N[C@@H](C)C(=O)N2[C@H]3CCCC[C@@H]3C[C@H]2C(=O)O	TRANDOLAPRIL	1996	1
5281004	CCCC1O[C@@H]2C[C@H]3[C@@H]4CCC5=CC(=O)C=C[C@]5(C)[C@H]4[C@@H](O)C[C@]3(C)[C@@]2(O1)C(=O)CO	BUDESONIDE	1990	0
2148	Nc1ccc(cc1)C(=O)NCC(=O)O	AMINOHIPPURATE	1944	0
2519	CN1C(=O)N(C)c2ncn(C)c2C1=O	CAFFEINE	1910	0
3562	FC(F)(F)C(Cl)Br	HALOTHANE	1958	1
259331	C[C@]12CC[C@H]3[C@@H](CCc4cc(OC(=O)N(CCCl)CCCl)ccc34)[C@@H]1CC[C@@H]2O	ESTRAMUSTINE	1992	1
3151	Clc1ccc2N(C3CCN(CCCN4C(=O)Nc5ccccc45)CC3)C(=O)Nc2c1	DOMPERIDONE	1990	1
2520	COc1ccc(CCN(C)CCCC(C#N)(C(C)C)c2ccc(OC)c(OC)c2)cc1OC	VERAPAMIL	1982	1
65495	O[N+](=O)[O-].Clc1ccc(CSC(Cn2ccnc2)c3ccc(Cl)cc3Cl)cc1	SULCONAZOLE NITRATE	1985	0
7028	CN[C@@H](C)[C@@H](O)c1ccccc1	PSEUDOEPHEDRINE	1958	0
4887	O=C(Nc1cccc2C(=O)C=C(Oc12)c3nn[nH]n3)c4ccc(OCCCCc5ccccc5)cc4	PRANLUKAST	1995	1
6041	CNC[C@H](O)c1cccc(O)c1	PHENYLEPHRINE	1951	1
3467	CNC(C)C1CCC(N)C(OC2C(N)CC(N)C(OC3OCC(C)(O)C(NC)C3O)C2O)O1	GENTAMICIN	1966	0
441306	CCN[C@@H]1C[C@H](N)[C@@H](O[C@H]2OC(=CC[C@H]2N)CN)[C@H](O)[C@H]1O[C@H]3OC[C@](C)(O)[C@H](NC)[C@H]3O	NETILMICIN	1981	1
3396	Fc1ccc(cc1)C(CCCN2CCC3(CC2)N(CNC3=O)c4ccccc4)c5ccc(F)cc5	FLUSPIRILENE	1977	1
54675779	CN(C)[C@H]1[C@@H]2[C@@H](O)[C@H]3C(=C(O)c4c(O)cccc4[C@@]3(C)O)C(=O)[C@]2(O)C(=C(C(=O)N)C1=O)O	OXYTETRACYCLINE	1965	0
6006	NC1=NC(=O)C2=C(NCC(CNc3ccc(cc3)C(=O)N[C@@H](CCC(=O)O)C(=O)O)N2C=O)N1	LEUCOVORIN	1980	0
4754	CCOc1ccc(NC(=O)C)cc1	PHENACETIN	1887	1
36294	NC[C@H]1O[C@H](O[C@@H]2[C@@H](N)C[C@@H](N)[C@H](O[C@H]3O[C@H](CO)[C@@H](O)[C@H](N)[C@H]3O)[C@H]2O)[C@H](N)C[C@@H]1O	TOBRAMYCIN	1975	1
441397	CCOC(=O)OC(C)OC(=O)[C@@H]1N2[C@H](SC1(C)C)[C@H](NC(=O)[C@H](N)c3ccccc3)C2=O	BACAMPICILLIN	1984	1
54680690	CN(C)[C@H]1[C@@H]2C[C@@H]3[C@H](O)c4c(Cl)ccc(O)c4C(=C3C(=O)[C@]2(O)C(=C(C(=O)N)C1=O)O)O	DEMECLOCYCLINE	1966	0
2244	CC(=O)Oc1ccccc1C(=O)O	ASPIRIN	1910	1
35330	Cc1ccc(cc1)C(=O)Oc2ccc(cc2OC(=O)c3ccc(C)cc3)C(O)CNC(C)(C)C	BITOLTEROL	1984	0
657298	CCCC1=CC(=O)NC(=S)N1	PROPYLTHIOURACIL	1945	1
6060	[Cl-].CC(=O)OCC[N+](C)(C)C	ACETYLCHOLINE CHLORIDE	1973	0
60490	CC(N(O)C(=O)N)c1cc2ccccc2s1	ZILEUTON	1996	1
16231	NC(=NC(=O)c1nc(Cl)c(N)nc1N)N	AMILORIDE	1981	1
5732	CN(C)C(=O)Cc1c(nc2ccc(C)cn12)c3ccc(C)cc3	ZOLPIDEM	1993	0
2082	CCCSc1ccc2nc(NC(=O)OC)[nH]c2c1	ALBENDAZOLE	1996	1
4205	CN1CCN2C(C1)c3ccccc3Cc4cccnc24	MIRTAZAPINE	1996	1
1130	Cc1ncc(C[n+]2csc(CCO)c2C)c(N)n1	THIAMINE	1936	0
2249	CC(C)NCC(O)COc1ccc(CC(=O)N)cc1	ATENOLOL	1988	1
3365	OC(Cn1cncn1)(Cn2cncn2)c3ccc(F)cc3F	FLUCONAZOLE	1990	1
35370	CC1=CN([C@H]2C[C@H](N=[N+]=[N-])[C@@H](CO)O2)C(=O)NC1=O	ZIDOVUDINE	1987	1
444020	OCC(CO)N[C@H]1C[C@](O)(CO)[C@@H](O)[C@H](O)[C@H]1O	VOGLIBOSE	1994	1
4171	COCCc1ccc(OCC(O)CNC(C)C)cc1	METOPROLOL	1977	1
3343	CC(Cc1ccc(O)cc1)NCC(O)c2cc(O)cc(O)c2	FENOTEROL	1977	1
3000322	CN1[C@@H]2CC(C[C@H]1[C@@H]3O[C@H]23)OC(=O)[C@H](CO)c4ccccc4	SCOPOLAMINE	1966	0
39941	CC(C(=O)O)c1ccc2oc(nc2c1)c3ccc(Cl)cc3	BENOXAPROFEN	1982	1
36811	CC(CCc1ccc(O)cc1)NCCc2ccc(O)c(O)c2	DOBUTAMINE	1988	0
11779629	C[C@H](COc1ccccc1)N[C@H](C)[C@@H](O)c2ccc(O)cc2	ISOXSUPRINE	1996	0
2789	CN1C(=O)CC(=O)N(c2ccccc2)c3cc(Cl)ccc13	CLOBAZAM	1991	1
54678486	CC(=O)CC(C1=C(O)c2ccccc2OC1=O)c3ccccc3	WARFARIN	1957	1
5282379	C\C(=C\C(=O)O)\C=C\C=C(/C)\C=C\C1=C(C)CCCC1(C)C	ISOTRETINOIN	1982	1
4781	CCCCC1C(=O)N(N(C1=O)c2ccccc2)c3ccccc3	PHENYLBUTAZONE	1974	1
4543	CNCCC=C1c2ccccc2CCc3ccccc13	NORTRIPTYLINE	1965	1
3324	CC(=O)OCC(CCn1cnc2cnc(N)nc12)COC(=O)C	FAMCICLOVIR	1994	0
3878	Nc1nnc(c(N)n1)c2cccc(Cl)c2Cl	LAMOTRIGINE	1995	1
3958	OC1N=C(c2ccccc2Cl)c3cc(Cl)ccc3NC1=O	LORAZEPAM	1977	0
5509	Cc1ccc(cc1)C(=O)c2ccc(CC(=O)O)n2C	TOLMETIN	1976	1
16960	CN(C)CC[C@@H](c1ccc(Br)cc1)c2ccccn2	DEXBROMPHENIRAMINE	1974	0
165580	NC[C@@H]1O[C@H](O[C@H]2[C@@H](O)[C@H](O[C@@H]3[C@@H](O)[C@H](N)C[C@H](N)[C@H]3O[C@H]4O[C@H](CO)[C@@H](O)[C@H](O)[C@H]4N)O[C@@H]2CO)[C@H](N)[C@@H](O)[C@@H]1O	PAROMOMYCIN	1981	0
2726	CN(C)CCCN1c2ccccc2Sc3ccc(Cl)cc13	CHLORPROMAZINE	1952	1
4946	CC(C)NCC(O)COc1cccc2ccccc12	PROPRANOLOL	1967	0
31315	Oc1ccc(cc1)C2(C(=O)Nc3ccccc23)c4ccc(O)cc4	OXYPHENISATIN	1959	1
4908	COc1cc(NC(C)CCCN)c2ncccc2c1	PRIMAQUINE	1945	0
5994	CC(=O)[C@H]1CC[C@H]2[C@@H]3CCC4=CC(=O)CC[C@]4(C)[C@H]3CC[C@]12C	PROGESTERONE	1978	1
3380	CN1C(=O)CN=C(c2ccccc2F)c3cc(ccc13)[N+](=O)[O-]	FLUNITRAZEPAM	1974	1
2907	ClCCN(CCCl)P1(=O)NCCCO1	CYCLOPHOSPHAMIDE	1959	1
60750	NC1=NC(=O)N(C=C1)[C@@H]2O[C@H](CO)[C@@H](O)C2(F)F	GEMCITABINE	1996	1
2381	OC(CCN1CCCCC1)(C2CC3CC2C=C3)c4ccccc4	BIPERIDEN	1985	0
3386	CNCCC(Oc1ccc(cc1)C(F)(F)F)c2ccccc2	FLUOXETINE	1987	1
60606	COC(=O)[C@@H](N1CCc2sccc2C1)c3ccccc3Cl	CLOPIDOGREL	1900	1
2712	CN=C1CN(O)C(=C2C=C(Cl)C=CC2=N1)c3ccccc3	CHLORDIAZEPOXIDE	1961	1
6230	C[C@]12CC[C@H]3[C@@H](CCC4=CC(=O)CC[C@H]34)[C@@H]1CC[C@@]2(O)C#C	NORETHISTERONE	1961	1
3623	CN1C2CCC1CC(C2)OC(=O)C(O)c3ccccc3	HOMATROPINE	1951	0
2265	Cn1cnc(c1Sc2ncnc3nc[nH]c23)[N+](=O)[O-]	AZATHIOPRINE	1966	1
6013	C[C@]12CC[C@H]3[C@@H](CCC4=CC(=O)CC[C@]34C)[C@@H]1CC[C@@H]2O	TESTOSTERONE	1994	1
5656	COc1ccc(cc1)C(CN(C)C)C2(O)CCCCC2	VENLAFAXINE	1993	1
5282443	Cc1ccc(cc1)\C(=C/CN2CCCC2)\c3ccccn3	TRIPROLIDINE	1960	0
4616	OC1N=C(c2ccccc2)c3cc(Cl)ccc3NC1=O	OXAZEPAM	1972	0
20279	Nc1nc(Cl)nc2c1ncn2[C@H]3C[C@H](O)[C@@H](CO)O3	CLADRIBINE	1993	0
441278	C[C@H]1[C@H]2Cc3ccc(O)cc3[C@]1(C)CCN2CC=C(C)C	PENTAZOCINE	1967	0
5288826	CN1CC[C@]23[C@H]4Oc5c(O)ccc(C[C@@H]1[C@@H]2C=C[C@@H]4O)c35	MORPHINE	1951	0
4260	CC(C)c1cc(OC(=O)C)c(C)cc1OCCN(C)C	MOXISYLYTE	1987	1
657237	Nc1nc(F)nc2c1ncn2[C@@H]3O[C@H](CO)[C@@H](O)[C@@H]3O	FLUDARABINE	1991	0
4020	OC1(N2CCN=C2c3ccccc13)c4ccc(Cl)cc4	MAZINDOL	1975	1
2313	OC(=O)COc1nn(Cc2ccccc2)c3ccccc13	BENDAZAC	1982	1
62816	NCCNCCNCCNCCN.ClCC1CO1	COLESTIPOL	1977	0
667468	CN(C)CC\C=C/1\c2ccccc2COc3ccccc13	DOXEPIN	1969	1
2474	CCCCN1CCCCC1C(=O)Nc2c(C)cccc2C	BUPIVACAINE	1973	1
5284371	COc1ccc2C[C@@H]3[C@@H]4C=C[C@H](O)[C@@H]5Oc1c2[C@]45CCN3C	CODEINE	1951	0
25215	CN1C(=O)CN=C(C2=CCCCC2)c3cc(Cl)ccc13	TETRAZEPAM	1960	1
174174	CN1[C@@H]2CC[C@H]1CC(C2)OC(=O)C(CO)c3ccccc3	ATROPINE	1960	0
8667	Cl.CN(C)CCN(Cc1cccs1)c2ccccn2	METHAPYRILENE	1947	1
5505	CCCCNC(=O)NS(=O)(=O)c1ccc(C)cc1	TOLBUTAMIDE	1957	0
3162	CN(C)CCOC(C)(c1ccccc1)c2ccccn2	DOXYLAMINE	1978	0
5991	C[C@]12CC[C@H]3[C@@H](CCc4cc(O)ccc34)[C@@H]1CC[C@@]2(O)C#C	ETHINYLESTRADIOL	1951	1
5358	CNS(=O)(=O)Cc1ccc2[nH]cc(CCN(C)C)c2c1	SUMATRIPTAN	1992	0
59768	COC(=O)CCc1ccc(OCC(O)CNC(C)C)cc1	ESMOLOL	1986	0
5253	CC(C)NCC(O)c1ccc(NS(=O)(=O)C)cc1	SOTALOL	1985	0
4030	COC(=O)Nc1nc2ccc(cc2[nH]1)C(=O)c3ccccc3	MEBENDAZOLE	1975	1
2187	CC(C)(C#N)c1cc(Cn2cncn2)cc(c1)C(C)(C)C#N	ANASTROZOLE	1996	1
4595	Cc1nccn1CC2CCc3c(C2=O)c4ccccc4n3C	ONDANSETRON	1991	1
2717	CN1C(c2ccc(Cl)cc2)S(=O)(=O)CCC1=O	CHLORMEZANONE	1960	1
37464	CC(C)(C)NC[C@H](O)COc1ccccc1C2CCCC2	PENBUTOLOL	1995	0
727	ClC1C(Cl)C(Cl)C(Cl)C(Cl)C1Cl	LINDANE	1958	0
9904	C[C@]12CC[C@H]3[C@@H](CCC4=CC(=O)CC[C@H]34)[C@@H]1CC[C@@H]2O	NANDROLONE	1959	1
5578	COc1cc(Cc2cnc(N)nc2N)cc(OC)c1OC	TRIMETHOPRIM	1973	1
2763	CC(C)(Oc1ccc(cc1)C2CC2(Cl)Cl)C(=O)O	CIPROFIBRATE	1985	1
4066	C(C1CN2CCC1CC2)N3c4ccccc4Sc5ccccc35	MEQUITAZINE	1976	1
3034034	COc1ccc2nccc([C@@H](O)[C@@H]3C[C@@H]4CCN3C[C@@H]4C=C)c2c1	QUININE	1951	1
441074	COc1ccc2nccc([C@H](O)[C@H]3C[C@@H]4CCN3C[C@@H]4C=C)c2c1	QUINIDINE	1938	1
2733526	CC\C(=C(/c1ccccc1)\c2ccc(OCCN(C)C)cc2)\c3ccccc3	TAMOXIFEN	1986	1
5042	OC(=O)C(CC1=CC(=O)Nc2ccccc12)NC(=O)c3ccc(Cl)cc3	REBAMIPIDE	1990	1
5452	CSc1ccc2Sc3ccccc3N(CCC4CCCCN4C)c2c1	THIORIDAZINE	1959	1
2159	CCN1CCCC1CNC(=O)c2cc(c(N)cc2OC)S(=O)(=O)CC	AMISULPRIDE	1990	1
3883	Cc1c(OCC(F)(F)F)ccnc1CS(=O)c2nc3ccccc3[nH]2	LANSOPRAZOLE	1995	1
26248	CC(=O)Oc1cccc2C(=O)c3cc(cc(OC(=O)C)c3C(=O)c12)C(=O)O	DIACEREIN	1994	1
74989	OC1=C(C2CCC(CC2)c3ccc(Cl)cc3)C(=O)C(=O)c4ccccc14	ATOVAQUONE	1993	0
33613	CC1(C)S[C@@H]2[C@H](NC(=O)[C@H](N)c3ccc(O)cc3)C(=O)N2[C@H]1C(=O)O	AMOXICILLIN	1974	1
638678	NC(=O)[C@@H]1CCCN1C(=O)[C@H](Cc2cnc[nH]2)NC(=O)[C@@H]3CCC(=O)N3	PROTIRELIN	1976	0
39042	CC(C)(Oc1ccc(CCNC(=O)c2ccc(Cl)cc2)cc1)C(=O)O	BEZAFIBRATE	1994	0
4583	CC1COc2c(N3CCN(C)CC3)c(F)cc4C(=O)C(=CN1c24)C(=O)O	OFLOXACIN	1990	1
3339	CC(C)OC(=O)C(C)(C)Oc1ccc(cc1)C(=O)c2ccc(Cl)cc2	FENOFIBRATE	1990	1
37542	NC(=O)c1ncn(n1)[C@@H]2O[C@H](CO)[C@@H](O)[C@H]2O	RIBAVIRIN	1986	0
33176	COc1ccc2c(C(=O)c3ccc(Cl)cc3)c(C)n(CC(=O)O)c2c1	CLOMETACIN	1977	1
667484	CCOC(=O)c1cncn1[C@H](C)c2ccccc2	ETOMIDATE	1996	0
5284592	CCCCCCC(C)(C)c1cc(O)c2[C@@H]3CC(=O)CC[C@H]3C(C)(C)Oc2c1	NABILONE	1982	0
25419	OP(=O)(O)C(Cl)(Cl)P(=O)(O)O	CLODRONIC ACID	1992	1
3474	OCC(O)COC(=O)c1ccccc1Nc2ccnc3cc(Cl)ccc23	GLAFENINE	1965	1
5311017	C[C@@H](Cc1ccccc1)N(C)Cc2ccccc2	BENZPHETAMINE	1960	0
214356	OP(=O)(O)OC(Cn1cncn1)(Cn2cncn2)c3ccc(F)cc3F	FOSFLUCONAZOLE	1990	1
60753	CCCCCCCN(CC)CCCC(O)c1ccc(NS(=O)(=O)C)cc1	IBUTILIDE	1995	0
4158	COC(=O)C(C1CCCCN1)c2ccccc2	METHYLPHENIDATE	1955	1
3950	ClCCN(N=O)C(=O)NC1CCCCC1	LOMUSTINE	1976	1
441130	C[C@@H](O)[C@@H]1[C@H]2[C@@H](C)C(=C(N2C1=O)C(=O)O)S[C@@H]3CN[C@@H](C3)C(=O)N(C)C	MEROPENEM	1996	1
5070	Nc1nc2ccc(OC(F)(F)F)cc2s1	RILUZOLE	1995	1
6533629	CO\N=C(/C(=O)N[C@H]1[C@H]2SCC=C(N2C1=O)C(=O)O)\c3csc(N)n3	CEFTIZOXIME	1988	0
4913	CCN(CC)CCNC(=O)c1ccc(N)cc1	PROCAINAMIDE	1955	1
6883	[O-][N+](=O)O[C@H]1CO[C@@H]2[C@@H](CO[C@H]12)O[N+](=O)[O-]	ISOSORBIDE DINITRATE	1960	0
5560	NS(=O)(=O)c1cc2c(NC(NS2(=O)=O)C(Cl)Cl)cc1Cl	TRICHLORMETHIAZIDE	1960	1
6087	COc1cccc(OC)c1C(=O)N[C@H]2[C@H]3SC(C)(C)[C@@H](N3C2=O)C(=O)O	METICILLIN	1982	1
2663	CCN(CC)C(=O)Nc1ccc(OCC(O)CNC(C)(C)C)c(c1)C(=O)C	CELIPROLOL	1982	1
20824	CC1(C)S[C@@H]2[C@H](NC(=O)C(C(=O)O)c3ccccc3)C(=O)N2[C@H]1C(=O)O	CARBENICILLIN	1972	1
4100	CN1N=C(SC1=NC(=O)C)S(=O)(=O)N	METHAZOLAMIDE	1993	1
5388962	CCOC(=O)[C@H](CCc1ccccc1)N[C@@H](C)C(=O)N2CCC[C@H]2C(=O)O	ENALAPRIL	1985	1
444	CC(NC(C)(C)C)C(=O)c1cccc(Cl)c1	BUPROPION	1986	1
3634	CCN(CC)CCNc1ccc(CO)c2Sc3ccccc3C(=O)c12	HYCANTHONE	1975	1
1548887	CC1=C(CC(=O)O)c2cc(F)ccc2/C/1=C\c3ccc(cc3)S(=O)C	SULINDAC	1978	1
4842	BrCCC(=O)N1CCN(CC1)C(=O)CCBr	PIPOBROMAN	1966	1
5904	CC1(C)S[C@@H]2[C@H](NC(=O)Cc3ccccc3)C(=O)N2[C@H]1C(=O)O	PENICILLIN G	1951	1
8593	OC(=O)c1cc(nc2ccccc12)c3ccccc3	CINCHOPHEN	1908	1
5281034	C[C@]1(O)CC[C@H]2[C@@H]3CC[C@H]4CC(=O)\C(=C/O)\C[C@]4(C)[C@H]3CC[C@]12C	OXYMETHOLONE	1970	1
3440	NS(=O)(=O)c1cc(C(=O)O)c(NCc2occc2)cc1Cl	FUROSEMIDE	1966	0
5215	Nc1ccc(cc1)S(=O)(=O)Nc2ncccn2	SULFADIAZINE	1957	1
6194	ClCCN(CCCl)C1=CNC(=O)NC1=O	URACIL MUSTARD	1962	1
72287	COc1ccc2Sc3ccccc3N(C[C@H](C)CN(C)C)c2c1	LEVOMEPROMAZINE	1958	1
3964	CN1CCN(CC1)C2=Nc3ccccc3Oc4ccc(Cl)cc24	LOXAPINE	1975	0
6916249	Oc1ccc2C[C@@H]3N(CC4CCC4)CC[C@]5(CCCC[C@@]35O)c2c1	BUTORPHANOL	1994	0
5284596	Oc1ccc2C[C@H]3N(CC=C)CC[C@@]45[C@@H](Oc1c24)C(=O)CC[C@@]35O	NALOXONE	1971	0
5282230	COc1ccc(\C=C\C(=O)Nc2ccccc2C(=O)O)cc1OC	TRANILAST	1982	1
2818	CN1CCN(CC1)C2=C3C=CC=CC3=Nc4ccc(Cl)cc4N2	CLOZAPINE	1989	1
5340	Nc1ccc(cc1)S(=O)(=O)Nc2nccs2	SULFATHIAZOLE	1983	1
2405	CC(C)NCC(O)COc1ccc(COCCOC(C)C)cc1	BISOPROLOL	1993	0
443884	C[C@@H](CO)NC(=O)[C@H]1CN(C)[C@@H]2Cc3c[nH]c4cccc(C2=C1)c34	ERGONOVINE	1939	0
13314	CN1C(=O)C(O)N=C(c2ccccc2Cl)c3cc(Cl)ccc13	LORMETAZEPAM	1980	1
54677972	CN1C(=C(O)c2ccccc2S1(=O)=O)C(=O)Nc3cc(C)on3	ISOXICAM	1983	0
3345	CCC(=O)N(C1CCN(CCc2ccccc2)CC1)c3ccccc3	FENTANYL	1982	0
5354	CCCCCCCCNC(C)C(O)c1ccc(SC(C)C)cc1	SULCOTIDIL	1970	1
2406	Oc1c(Cl)cc(Cl)cc1Sc2cc(Cl)cc(Cl)c2O	BITHIONOL	1960	1
8944	CCOC(=O)C1(CCN(CCc2ccc(N)cc2)CC1)c3ccccc3	ANILERIDINE	1966	0
6869	CC1(C)S[C@@H]2[C@H](NC(=O)COc3ccccc3)C(=O)N2[C@H]1C(=O)O	PENICILLIN V	1956	0
4826	CC(N=C(NC#N)Nc1ccncc1)C(C)(C)C	PINACIDIL	1989	0
6249	CC1(C)S[C@@H]2[C@H](NC(=O)[C@H](N)c3ccccc3)C(=O)N2[C@H]1C(=O)O	AMPICILLIN	1962	1
2478	CS(=O)(=O)OCCCCOS(=O)(=O)C	BUSULFAN	1954	1
5749	CC[N+](C)(CC)CCOC(=O)C(O)(C1CCCCC1)c2ccccc2	OXYPHENONIUM	1952	0
3393	CCN(CC)CCN1C(=O)CN=C(c2ccccc2F)c3cc(Cl)ccc13	FLURAZEPAM	1971	1
4058	CCOC(=O)C1(CCN(C)CC1)c2ccccc2	MEPERIDINE	1942	0
4932	CCCNCC(O)COc1ccccc1C(=O)CCc2ccccc2	PROPAFENONE	1988	1
5360515	Oc1ccc2C[C@H]3N(CC4CC4)CC[C@@]56[C@@H](Oc1c25)C(=O)CC[C@@]36O	NALTREXONE	1995	0
4057	C[N+]1(C)CCCC(C1)OC(=O)C(O)(c2ccccc2)c3ccccc3	MEPENZOLATE	1956	0
10100	CCC(=O)O[C@@](Cc1ccccc1)([C@H](C)CN(C)C)c2ccccc2	PROPOXYPHENE	1968	1
4680	COc1ccc(Cc2nccc3cc(OC)c(OC)cc23)cc1OC	PAPAVERINE	1951	1
4993	CCc1nc(N)nc(N)c1c2ccc(Cl)cc2	PYRIMETHAMINE	1952	1
2732	NS(=O)(=O)c1cc(ccc1Cl)C2(O)NC(=O)c3ccccc23	CHLORTHALIDONE	1968	0
5282489	CCCCCCCC\C=C/CCCCCCCC(=O)O.NCCO	ETHANOLAMINE OLEATE	1992	0
36314	CC(=O)O[C@H]1C(=O)[C@]2(C)[C@@H](O)C[C@H]3OC[C@@]3(OC(=O)C)[C@H]2[C@H](OC(=O)c4ccccc4)[C@]5(O)C[C@H](OC(=O)[C@H](O)[C@@H](NC(=O)c6ccccc6)c7ccccc7)C(=C1C5(C)C)C	PACLITAXEL	1993	1
3657	NC(=O)NO	HYDROXYUREA	1979	1
5920	N[C@@H](Cc1cc(I)c(Oc2ccc(O)c(I)c2)c(I)c1)C(=O)O	LIOTHYRONINE	1956	0
2391	CC(=O)Oc1ccc(cc1)C(c2ccc(OC(=O)C)cc2)c3ccccn3	BISACODYL	1907	0
4507	CCOC(=O)C1=C(C)NC(=C(C1c2cccc(c2)[N+](=O)[O-])C(=O)OC)C	NITRENDIPINE	1985	1
3715	COc1ccc2c(c1)c(CC(=O)O)c(C)n2C(=O)c3ccc(Cl)cc3	INDOMETHACIN	1965	1
4634	CCN(CC)CC#CCOC(=O)C(O)(C1CCCCC1)c2ccccc2	OXYBUTYNIN	1975	0
53359	COc1ccc2c(cccc2c1C(F)(F)F)C(=S)N(C)CC(=O)O	TOLRESTAT	1982	1
3312	CCOC(=O)C=C(C)C=CC=C(C)C=Cc1c(C)cc(OC)c(C)c1C	ETRETINATE	1986	1
5905	OC[C@H]1O[C@H](C[C@@H]1O)N2C=C(I)C(=O)NC2=O	IDOXURIDINE	1963	1
6540428	CCC(CO)NC(=O)[C@H]1CN(C)[C@@H]2Cc3cn(C)c4cccc(C2=C1)c34	METHYSERGIDE	1962	0
54676537	CC(=O)CC(C1=C(O)c2ccccc2OC1=O)c3ccc(cc3)[N+](=O)[O-]	ACENOCOUMAROL	1957	1
56339	OP(=O)(O)OCN1C(=O)NC(C1=O)(c2ccccc2)c3ccccc3	FOSPHENYTOIN	1996	1
441140	COC1=CC(=O)C[C@@H](C)[C@]12Oc3c(Cl)c(OC)cc(OC)c3C2=O	GRISEOFULVIN	1962	1
38103	CC1=C(N2[C@H](SC1)[C@H](NC(=O)[C@H](N)C3=CCC=CC3)C2=O)C(=O)O	CEPHRADINE	1995	0
27447	CC1=C(N2[C@H](SC1)[C@H](NC(=O)[C@H](N)c3ccccc3)C2=O)C(=O)O	CEPHALEXIN	1971	1
4413	NC(=Nc1ccc(cc1)C(=O)Oc2ccc3cc(ccc3c2)C(=N)N)N	NAFAMOSTAT	1986	1
4594	COc1ccc2nc([nH]c2c1)S(=O)Cc3ncc(C)c(OC)c3C	OMEPRAZOLE	1989	1
2812	Clc1ccccc1C(c2ccccc2)(c3ccccc3)n4ccnc4	CLOTRIMAZOLE	1981	1
26987	CN1CCC[C@@H]1CCO[C@](C)(c2ccccc2)c3ccc(Cl)cc3	CLEMASTINE	1992	0
3307	CCc1cc2C(=NCc3nnc(C)n3c2s1)c4ccccc4Cl	ETIZOLAM	1983	1
5832	CC(=O)O[C@]1(CC[C@H]2[C@@H]3CCC4=CC(=O)CC[C@@H]4[C@H]3CC[C@]12C)C#C	NORETHINDRONE ACETATE	1982	0
4735	NC(=N)c1ccc(OCCCCCOc2ccc(cc2)C(=N)N)cc1	PENTAMIDINE	1989	1
5284585	N[C@@H](C(=O)N[C@H]1[C@H]2CCC(=C(N2C1=O)C(=O)O)Cl)c3ccccc3	LORACARBEF	1991	1
3114	CC(C)N(CCC(C(=O)N)(c1ccccc1)c2ccccn2)C(C)C	DISOPYRAMIDE	1977	1
16682734	O.O=C1O[Bi]Oc2ccccc12	BISMUTH SUBSALICYLATE	1954	0
3702	CC1Cc2ccccc2N1NC(=O)c3ccc(Cl)c(c3)S(=O)(=O)N	INDAPAMIDE	1982	0
36921	CC1(C)S[C@@H]2[C@H](NC(=O)[C@H](C(=O)O)c3ccsc3)C(=O)N2[C@H]1C(=O)O	TICARCILLIN	1990	0
3333	CCOC(=O)C1=C(C)NC(=C(C1c2cccc(Cl)c2Cl)C(=O)OC)C	FELODIPINE	1991	1
4893	COc1cc2nc(nc(N)c2cc1OC)N3CCN(CC3)C(=O)c4occc4	PRAZOSIN	1983	0
3957	CCOC(=O)N1CCC(=C2c3ccc(Cl)cc3CCc4cccnc24)CC1	LORATADINE	1988	0
3198	Clc1ccc(COC(Cn2ccnc2)c3ccc(Cl)cc3Cl)cc1	ECONAZOLE	1979	0
31378	C[C@]12C[C@H](O)[C@@]3(F)[C@@H](CCC4=CC(=O)CC[C@]34C)[C@@H]1CC[C@]2(O)C(=O)CO	FLUDROCORTISONE	1955	0
3168	Fc1ccc(cc1)C(=O)CCCN2CCC(=CC2)N3C(=O)Nc4ccccc34	DROPERIDOL	1982	0
3156	CCN1CC(CCN2CCOCC2)C(C1=O)(c3ccccc3)c4ccccc4	DOXAPRAM	1965	0
4046	OC(C1CCCCN1)c2cc(nc3c(cccc23)C(F)(F)F)C(F)(F)F	MEFLOQUINE	1993	1
47965	CC1=C(N2[C@H](SC1)[C@H](NC(=O)[C@H](N)c3ccc(O)cc3)C2=O)C(=O)O	CEFADROXIL	1978	1
2132	Nc1c(Br)cc(Br)cc1CNC2CCC(O)CC2	AMBROXOL	1979	1
3559	OC1(CCN(CCCC(=O)c2ccc(F)cc2)CC1)c3ccc(Cl)cc3	HALOPERIDOL	1966	1
5284537	CC(=O)[C@@]1(O)CC[C@H]2[C@@H]3C=C(Cl)C4=CC(=O)[C@@H]5C[C@@H]5[C@]4(C)[C@H]3CC[C@]12C	CYPROTERONE	1973	1
6741	C[C@H]1C[C@H]2[C@@H]3CC[C@](O)(C(=O)CO)[C@@]3(C)C[C@H](O)[C@@H]2[C@@]4(C)C=CC(=O)C=C14	METHYLPREDNISOLONE	1957	1
4917	CN1CCN(CCCN2c3ccccc3Sc4ccc(Cl)cc24)CC1	PROCHLORPERAZINE	1956	1
34869	[Cl-].OC(=O)CCCCCC[NH2+]C1c2ccccc2CCc3ccccc13	AMINEPTINE	1978	1
57363	CC(C)(C)NC(=O)[C@H]1CC[C@H]2[C@@H]3CC[C@H]4NC(=O)C=C[C@]4(C)[C@H]3CC[C@]12C	FINASTERIDE	1992	1
4934	CC(C)[N+](C)(CCOC(=O)C1c2ccccc2Oc3ccccc13)C(C)C	PROPANTHELINE	1953	0
2351	CC(C)COCC(CN(Cc1ccccc1)c2ccccc2)N3CCCC3	BEPRIDIL	1990	1
4170	CC1Nc2cc(Cl)c(cc2C(=O)N1c3ccccc3C)S(=O)(=O)N	METOLAZONE	1973	0
493570	Cc1cc2N=C3C(=O)NC(=O)N=C3N(C[C@H](O)[C@H](O)[C@H](O)CO)c2cc1C	RIBOFLAVIN	1951	0
8226	CC[C@@H](CO)NC(=O)[C@H]1CN(C)[C@@H]2Cc3c[nH]c4cccc(C2=C1)c34	METHYLERGONOVINE	1946	0
54677971	CN1C(=C(O)c2sccc2S1(=O)=O)C(=O)Nc3ccccn3	TENOXICAM	1991	1
54676038	OC1=C(CC2=C(O)c3ccccc3OC2=O)C(=O)Oc4ccccc14	DICOUMAROL	1944	1
4542	CCC12CCC3C(CCC4=CC(=O)CCC34)C1CCC2(O)C#C	NORGESTREL	1968	1
13109	CC[C@]12CC[C@H]3[C@@H](CCC4=CC(=O)CC[C@H]34)[C@@H]1CC[C@@]2(O)C#C	LEVONORGESTREL	1984	0
5284566	CN1[C@@H]2CCC[C@H]1CC(C2)NC(=O)c3nn(C)c4ccccc34	GRANISETRON	1993	0
40973	CC[C@]12CC(=C)[C@H]3[C@@H](CCC4=CCCC[C@H]34)[C@@H]1CC[C@@]2(O)C#C	DESOGESTREL	1992	1
3042	CCN(CC)CCOC(=O)C1(CCCCC1)C2CCCCC2	DICYCLOMINE	1950	0
4095	CCC(=O)C(CC(C)N(C)C)(c1ccccc1)c2ccccc2	METHADONE	1947	0
3827	CN1CCC(=C2c3ccccc3CC(=O)c4sccc24)CC1	KETOTIFEN	1990	0
39147	CC(C)(C)NCC(O)COc1cccc2C[C@@H](O)[C@@H](O)Cc12	NADOLOL	1979	0
4495	CS(=O)(=O)Nc1ccc(cc1Oc2ccccc2)[N+](=O)[O-]	NIMESULIDE	1985	1
444008	C[C@@H]1CC2=C(CCC(=O)C2)[C@H]3CC[C@@]4(C)[C@@H](CC[C@@]4(O)C#C)[C@H]13	TIBOLONE	1988	1
91276	OCC(=O)NCCCOc1cccc(CN2CCCCC2)c1	ROXATIDINE	1986	1
1548943	COc1cc(CNC(=O)CCCC\C=C\C(C)C)ccc1O	CAPSAICIN	1991	0
460612	N[C@@H](Cc1ccc(cc1)N(CCCl)CCCl)C(=O)O	MELPHALAN	1964	1
2708	OC(=O)CCCc1ccc(cc1)N(CCCl)CCCl	CHLORAMBUCIL	1957	1
4768	CC(COc1ccccc1)N(CCCl)Cc2ccccc2	PHENOXYBENZAMINE	1953	0
446220	COC(=O)[C@H]1[C@H](C[C@@H]2CC[C@H]1N2C)OC(=O)c3ccccc3	COCAINE	1992	1
3373	CCOC(=O)c1ncn2c1CN(C)C(=O)c3cc(F)ccc23	FLUMAZENIL	1991	0
3278	CCC(=C)C(=O)c1ccc(OCC(=O)O)c(Cl)c1Cl	ETHACRYNATE	1967	0
5572	OC(CCN1CCCCC1)(C2CCCCC2)c3ccccc3	TRIHEXYPHENIDYL	1951	0
4168	CCN(CC)CCNC(=O)c1cc(Cl)c(N)cc1OC	METOCLOPRAMIDE	1984	1
68617	CN[C@H]1CC[C@@H](c2ccc(Cl)c(Cl)c2)c3ccccc13	SERTRALINE	1992	1
2170	Clc1ccc2Oc3ccccc3N=C(N4CCNCC4)c2c1	AMOXAPINE	1981	0
3001055	CN\C(=C/[N+](=O)[O-])\NCCSCc1oc(CN(C)C)cc1	RANITIDINE	1982	1
47811	CCCN1C[C@H](CSC)C[C@H]2[C@H]1Cc3c[nH]c4cccc2c34	PERGOLIDE	1991	0
3652	CCN(CCO)CCCC(C)Nc1ccnc2cc(Cl)ccc12	HYDROXYCHLOROQUINE	1955	1
5746	CO[C@]12[C@H]3N[C@H]3CN1C4=C([C@H]2COC(=O)N)C(=O)C(=C(C)C4=O)N	MITOMYCIN	1977	1
3033637	CN\C(=C/[N+](=O)[O-])\NCCSCc1csc(CN(C)C)n1	NIZATIDINE	1988	1
2764	OC(=O)C1=CN(C2CC2)c3cc(N4CCNCC4)c(F)cc3C1=O	CIPROFLOXACIN	1987	1
38409	OC(=O)COc1ccc(C(=O)c2cccs2)c(Cl)c1Cl	TICRYNAFEN	1979	1
25249	C[C@]1(O)CC[C@H]2[C@@H]3CC[C@H]4Cc5[nH]ncc5C[C@]4(C)[C@H]3CC[C@]12C	STANOZOLOL	1962	1
5284513	COc1cc(C)c(\C=C\C(=C\C=C\C(=C\C(=O)O)\C)\C)c(C)c1C	ACITRETIN	1994	1
4890	Clc1ccc2N(CC3CC3)C(=O)CN=C(c4ccccc4)c2c1	PRAZEPAM	1979	1
4641	CCCCC1C(=O)N(N(C1=O)c2ccc(O)cc2)c3ccccc3	OXYPHENBUTAZONE	1981	1
60773	CC(C)[C@H](N)C(=O)OCCOCn1cnc2C(=O)N=C(N)Nc12	VALACICLOVIR	1995	1
62865	CC(CN(C)C)CN1c2ccccc2Sc3ccc(cc13)C#N	CYAMEMAZINE	1972	1
3475	Cc1ccc(cc1)S(=O)(=O)NC(=O)NN2CC3CCCC3C2	GLICLAZIDE	1990	1
2719	CCN(CC)CCCC(C)Nc1ccnc2cc(Cl)ccc12	CHLOROQUINE	1951	1
4539	CCN1C=C(C(=O)O)C(=O)c2cc(F)c(cc12)N3CCNCC3	NORFLOXACIN	1986	1
6834	CN(C)CCC(c1ccc(Br)cc1)c2ccccn2	BROMPHENIRAMINE	1957	0
9811704	C[C@H]1O[C@H](O[C@H]2[C@H](O)[C@@H](O)[C@@H](O[C@H]([C@H](O)CO)[C@H](O)[C@@H](O)C=O)O[C@@H]2CO)[C@H](O)[C@@H](O)[C@@H]1N[C@H]3C=C(CO)[C@@H](O)[C@H](O)[C@H]3O	ACARBOSE	1996	1
33624	CC(C)(C)NC[C@H](O)COc1nsnc1N2CCOCC2	TIMOLOL	1977	0
2441	Brc1ccc2NC(=O)CN=C(c3ccccn3)c2c1	BROMAZEPAM	1981	1
2802	[O-][N+](=O)c1ccc2NC(=O)CN=C(c3ccccc3Cl)c2c1	CLONAZEPAM	1975	1
5284603	COc1ccc2C[C@H]3N(C)CC[C@@]45[C@@H](Oc1c24)C(=O)CC[C@@]35O	OXYCODONE	1950	0
2809	OC(=O)C1N=C(c2ccccc2)c3cc(Cl)ccc3NC1=O	CLORAZEPATE	1972	0
9270	CC(=O)O[C@H]1CC[C@@H]2[C@H]3CC[C@@]4(C)[C@@H](CC[C@@]4(OC(=O)C)C#C)[C@@H]3CCC2=C1	ETHYNODIOL DIACETATE	1970	1
107751	CC(=O)SCC(Cc1ccccc1)C(=O)NCC(=O)OCc2ccccc2	ACETORPHAN	1990	1
41693	CCC(=O)N(c1ccccc1)C2(COC)CCN(CCc3cccs3)CC2	SUFENTANIL	1985	0
4999	Fc1ccccc1C2=NCC(=S)N(CC(F)(F)F)c3ccc(Cl)cc23	QUAZEPAM	1985	0
39765	CC(=O)O[C@H]1C[C@@H]2CC[C@@H]3[C@H](CC[C@@]4(C)[C@H]3C[C@@H]([C@@H]4OC(=O)C)[N+]5(C)CCCCC5)[C@@]2(C)C[C@@H]1N6CCCCC6	VECURONIUM	1984	0
5966	CN(CCCCCCCCCCN(C)C(=O)Oc1cccc(c1)[N+](C)(C)C)C(=O)Oc2cccc(c2)[N+](C)(C)C	DEMECARIUM BROMIDE	1959	1
41867	COc1cccc2C(=O)c3c(O)c4C[C@](O)(C[C@H](O[C@H]5C[C@H](N)[C@@H](O)[C@H](C)O5)c4c(O)c3C(=O)c12)C(=O)CO	EPIRUBICIN	1985	0
31703	COc1cccc2C(=O)c3c(O)c4C[C@](O)(C[C@H](O[C@H]5C[C@H](N)[C@H](O)[C@H](C)O5)c4c(O)c3C(=O)c12)C(=O)CO	DOXORUBICIN	1976	1
3823	CC(=O)N1CCN(CC1)c2ccc(OCC3COC(Cn4ccnc4)(O3)c5ccc(Cl)cc5Cl)cc2	KETOCONAZOLE	1981	1
21700	CCC(=O)OCC(=O)[C@@]1(OC(=O)CC)[C@@H](C)C[C@H]2[C@@H]3CCC4=CC(=O)C=C[C@]4(C)[C@@]3(Cl)[C@@H](O)C[C@]12C	BECLOMETHASONE	1973	0
47499	CO[C@]1(NC(=O)C(C(=O)O)c2ccc(O)cc2)[C@H]3OCC(=C(N3C1=O)C(=O)O)CSc4nnnn4C	LATAMOXEF	1981	0
43672	CCN1CCN(C(=O)N[C@@H](C(=O)N[C@H]2[C@H]3SC(C)(C)[C@@H](N3C2=O)C(=O)O)c4ccccc4)C(=O)C1=O	PIPERACILLIN	1982	0
37393	CCCCN(CCCC)CCC(O)c1cc2c(Cl)cc(Cl)cc2c3cc(ccc13)C(F)(F)F	HALOFANTRINE	1996	1
9915886	COc1c(O[C@@H]2O[C@H](CO)[C@@H](O)[C@H](O)[C@H]2O)cc3CC[C@H](NC(=O)C)C4=CC(=O)C(=CC=C4c3c1OC)SC	THIOCOLCHICOSIDE	1959	1
91270	CCOC(=O)[C@H](CCc1ccccc1)N[C@@H](C)C(=O)N2Cc3cc(OC)c(OC)cc3C[C@H]2C(=O)O	MOEXIPRIL	1995	0
65864	CO[C@]1(NC(=O)CSC(F)F)[C@H]2OCC(=C(N2C1=O)C(=O)O)CSc3nnnn3CCO	FLOMOXEF	1988	1
5282138	COCCOC(=O)C1=C(C)NC(=C(C1c2cccc(c2)[N+](=O)[O-])C(=O)OC\C=C\c3ccccc3)C	CILNIDIPINE	1995	1
4474	COC(=O)C1=C(C)NC(=C(C1c2cccc(c2)[N+](=O)[O-])C(=O)OCCN(C)Cc3ccccc3)C	NICARDIPINE	1990	0
54708735	CN(C)[C@H]1[C@@H]2C[C@H]3C(=C(O)c4c(O)ccc(Cl)c4[C@@]3(C)O)C(=O)[C@]2(O)C(=O)C(=C1O)C(=O)N	CHLORTETRACYCLINE	1952	0
3955	CN(C)C(=O)C(CCN1CCC(O)(CC1)c2ccc(Cl)cc2)(c3ccccc3)c4ccccc4	LOPERAMIDE	1983	0
443874	CCOC(=O)[C@H](CCc1ccccc1)N[C@H]2CS[C@@H](CN(CC(=O)O)C2=O)c3cccs3	TEMOCAPRIL	1994	1
2794	CC(C)N=C1C=C2N(c3ccc(Cl)cc3)c4ccccc4N=C2C=C1Nc5ccc(Cl)cc5	CLOFAZIMINE	1986	1
4449	CCC1=NN(CCCN2CCN(CC2)c3cccc(Cl)c3)C(=O)N1CCOc4ccccc4	NEFAZODONE	1994	1
3191	CC(C)(C)c1ccc(cc1)C(=O)CCCN2CCC(CC2)OC(c3ccccc3)c4ccccc4	EBASTINE	1990	1
42890	C[C@@H]1O[C@H](C[C@H](N)[C@@H]1O)O[C@H]2C[C@@](O)(Cc3c(O)c4C(=O)c5ccccc5C(=O)c4c(O)c23)C(=O)C	IDARUBICIN	1990	0
55891	CCC(=O)OC(OP(=O)(CCCCc1ccccc1)CC(=O)N2C[C@@H](C[C@H]2C(=O)O)C3CCCCC3)C(C)C	FOSINOPRIL	1992	1
3037209	CN[C@@H]1[C@@H](O)[C@@H](O[C@@H]2[C@@H](O)[C@H](O[C@H]3O[C@H](CN)[C@@H](O)[C@H](O)[C@H]3O)[C@@H](N)C[C@H]2NC(=O)[C@@H](O)CN)OC[C@]1(C)O	ISEPAMICIN	1988	1
8223	CN1C[C@@H](C=C2[C@H]1Cc3c[nH]c4cccc2c34)C(=O)N[C@]5(C)O[C@@]6(O)[C@@H]7CCCN7C(=O)[C@H](Cc8ccccc8)N6C5=O	ERGOTAMINE	1951	0
6172	[I-].[I-].[I-].CC[N+](CC)(CC)CCOc1cccc(OCC[N+](CC)(CC)CC)c1OCC[N+](CC)(CC)CC	GALLAMINE TRIETHIODIDE	1951	0
5199	OCC1OC(Oc2cccc3C(C4c5cccc(OC6OC(CO)C(O)C(O)C6O)c5C(=O)c7c(O)cc(cc47)C(=O)O)c8cc(cc(O)c8C(=O)c23)C(=O)O)C(O)C(O)C1O	SENNOSIDE	1919	1
6323490	CO[C@H]1\C=C\O[C@@]2(C)Oc3c(C)c(O)c4C(=O)C(=C5NC6(CCN(CC(C)C)CC6)N=C5c4c3C2=O)NC(=O)\C(=C/C=C/[C@H](C)[C@H](O)[C@@H](C)[C@@H](O)[C@@H](C)[C@H](OC(=O)C)[C@@H]1C)\C	RIFABUTIN	1992	1
6915744	CC[C@H]1OC(=O)[C@H](C)[C@@H](O[C@H]2C[C@@](C)(OC)[C@@H](O)[C@H](C)O2)[C@H](C)[C@@H](O[C@@H]3O[C@H](C)C[C@@H]([C@H]3O)N(C)C)[C@](C)(O)C[C@@H](C)\C(=N/OCOCCOC)\[C@H](C)[C@@H](O)[C@]1(C)O	ROXITHROMYCIN	1987	1
5978	CC[C@]1(O)C[C@H]2CN(CCc3c([nH]c4ccccc34)[C@@](C2)(C(=O)OC)c5cc6c(cc5OC)N(C=O)[C@H]7[C@](O)([C@H](OC(=O)C)[C@]8(CC)C=CCN9CC[C@]67[C@H]89)C(=O)OC)C1	VINCRISTINE	1984	1
5381226	CO[C@H]1\C=C\O[C@@]2(C)Oc3c(C)c(O)c4C(=C(NC(=O)\C(=C/C=C/[C@H](C)[C@H](O)[C@@H](C)[C@@H](O)[C@@H](C)[C@H](OC(=O)C)[C@@H]1C)\C)\C(=C/NN5CCN(C)CC5)\C(=O)c4c3C2=O)O	RIFAMPIN	1971	1
202225	CO[C@H]1C[C@H](O[C@H]2[C@H](C)[C@@H](O[C@@H]3O[C@H](C)C[C@@H]([C@H]3OC(=O)C)N(C)C)[C@@H](C)C[C@@]4(CO4)C(=O)[C@H](C)[C@@H](OC(=O)C)[C@@H](C)[C@@H](C)OC(=O)[C@@H]2C)O[C@@H](C)[C@@H]1OC(=O)C	TROLEANDOMYCIN	1969	1
9853654	CSCC[C@H](NC(=O)[C@H](Cc1c[nH]c2ccccc12)NC(=O)CCNC(=O)OC(C)(C)C)C(=O)N[C@@H](CC(=O)O)C(=O)N[C@@H](Cc3ccccc3)C(=O)N	PENTAGASTRIN	1994	0
40839	CC[C@]1(O)C[C@H]2CN(CCc3c([nH]c4ccccc34)[C@@](C2)(C(=O)OC)c5cc6c(cc5OC)N(C)[C@H]7[C@](O)([C@H](O)[C@]8(CC)C=CCN9CC[C@]67[C@H]89)C(=O)N)C1	VINDESINE	1982	1
447043	CC[C@H]1OC(=O)[C@H](C)[C@@H](O[C@H]2C[C@@](C)(OC)[C@@H](O)[C@H](C)O2)[C@H](C)[C@@H](O[C@@H]3O[C@H](C)C[C@@H]([C@H]3O)N(C)C)[C@](C)(O)C[C@@H](C)CN(C)[C@H](C)[C@@H](O)[C@]1(C)O	AZITHROMYCIN	1994	1
84029	CC[C@H]1OC(=O)[C@H](C)[C@@H](O[C@H]2C[C@@](C)(OC)[C@@H](O)[C@H](C)O2)[C@H](C)[C@@H](O[C@@H]3O[C@H](C)C[C@@H]([C@H]3O)N(C)C)[C@@](C)(C[C@@H](C)C(=O)[C@H](C)[C@@H](O)[C@]1(C)O)OC	CLARITHROMYCIN	1991	1
441243	CC(C)(C)NC(=O)[C@@H]1C[C@@H]2CCCC[C@@H]2CN1C[C@@H](O)[C@H](Cc3ccccc3)NC(=O)[C@H](CC(=O)N)NC(=O)c4ccc5ccccc5n4	SAQUINAVIR	1995	1
452548	COc1cc(cc(OC)c1O)[C@H]2[C@@H]3[C@H](COC3=O)[C@H](O[C@@H]4O[C@@H]5CO[C@H](O[C@H]5[C@H](O)[C@H]4O)c6cccs6)c7cc8OCOc8cc27	TENIPOSIDE	1984	1
31101	CC(C)C[C@@H]1N2C(=O)[C@](NC(=O)[C@H]3CN(C)[C@@H]4Cc5c(Br)[nH]c6cccc(C4=C3)c56)(O[C@@]2(O)[C@@H]7CCCN7C1=O)C(C)C	BROMOCRIPTINE	1976	1
44185	CCN1CCN(C(=O)NC(C(=O)N[C@H]2[C@H]3SCC(=C(N3C2=O)C(=O)O)CSc4nnnn4C)c5ccc(O)cc5)C(=O)C1=O	CEFOPERAZONE	1982	1
2157	CCCCc1oc2ccccc2c1C(=O)c3cc(I)c(OCCN(CC)CC)c(I)c3	AMIODARONE	1985	1
45266800	CC1(C)S[C@@H](N[C@H]1C(=O)O)C(NC(=O)Cc2ccccc2)C(=O)NCCCC[C@@H](N)C(=O)O.NCCCC[C@@H](N)C(=O)O	BENZYLPENICILLOYL POLYLYSINE	1974	0
54675769	CO[C@@H]1[C@@H](OC(=O)N)[C@@H](O)[C@H](Oc2ccc3C(=C(NC(=O)c4ccc(O)c(CC=C(C)C)c4)C(=O)Oc3c2C)O)OC1(C)C	NOVOBIOCIN	1964	1
5770	CO[C@H]1[C@@H](C[C@@H]2CN3CCc4c([nH]c5cc(OC)ccc45)[C@H]3C[C@@H]2[C@@H]1C(=O)OC)OC(=O)c6cc(OC)c(OC)c(OC)c6	RESERPINE	1954	0
7699	CCCCNc1ccc(cc1)C(=O)OCCOCCOCCOCCOCCOCCOCCOCCOCCOC	BENZONATATE	1958	1
36462	COc1cc(cc(OC)c1O)[C@H]2[C@@H]3[C@H](COC3=O)[C@H](O[C@@H]4O[C@@H]5CO[C@@H](C)O[C@H]5[C@H](O)[C@H]4O)c6cc7OCOc7cc26	ETOPOSIDE	1981	1
644073	CO[C@]12CC[C@@]3(C[C@@H]1[C@](C)(O)C(C)(C)C)[C@H]4Cc5ccc(O)c6O[C@@H]2[C@]3(CCN4CC7CC7)c56	BUPRENORPHINE	1985	1
5284569	COc1ccc2C[C@@H]3[C@@H]4CCC(=O)[C@@H]5Oc1c2[C@]45CCN3C	HYDROCODONE	1943	0
6917698	CO[C@H]1CN(CCCOc2ccc(F)cc2)CC[C@H]1NC(=O)c3cc(Cl)c(N)cc3OC	CISAPRIDE	1990	0
6479523	CC1(C)S[C@@H]2[C@H](NC(=O)[C@H](NC(=O)N3CCNC3=O)c4ccccc4)C(=O)N2[C@H]1C(=O)O	AZLOCILLIN	1982	0
8982	CCOc1ccc2ccccc2c1C(=O)N[C@H]3[C@H]4SC(C)(C)[C@@H](N4C3=O)C(=O)O	NAFCILLIN	1984	1
1548972	CC(C)n1c(\C=C\[C@H](O)C[C@H](O)CC(=O)O)c(c2ccc(F)cc2)c3ccccc13	FLUVASTATIN	1994	1
5073	CC1=C(CCN2CCC(CC2)c3noc4cc(F)ccc34)C(=O)N5CCCCC5=N1	RISPERIDONE	1993	1
5282242	Nc1nc(cs1)\C(=C\CC(=O)O)\C(=O)N[C@H]2[C@H]3SCC=C(N3C2=O)C(=O)O	CEFTIBUTEN	1995	0
2162	CCOC(=O)C1=C(COCCN)NC(=C(C1c2ccccc2Cl)C(=O)OC)C	AMLODIPINE	1992	1
2585	COc1ccccc1OCCNCC(O)COc2cccc3[nH]c4ccccc4c23	CARVEDILOL	1996	1
5362119	NCCCC[C@H](N[C@@H](CCc1ccccc1)C(=O)O)C(=O)N2CCC[C@H]2C(=O)O	LISINOPRIL	1987	1
4748	OCCN1CCN(CCCN2c3ccccc3Sc4ccc(Cl)cc24)CC1	PERPHENAZINE	1957	1
5745	CC(=O)OCC(=O)[C@@]1(O)CC[C@H]2[C@@H]3CCC4=CC(=O)CC[C@]4(C)[C@H]3C(=O)C[C@]12C	CORTISONE ACETATE	1951	0
4189	Clc1ccc(COC(Cn2ccnc2)c3ccc(Cl)cc3Cl)c(Cl)c1	MICONAZOLE	1974	0
6761	NC(=O)C1CCN(CCCN2c3ccccc3Sc4ccc(Cl)cc24)CC1	PIPAMAZINE	1959	1
23724781	[Br-].C[N+]1(C)[C@H]2CC(C[C@H]1C3OC23)OC(=O)[C@H](CO)c4ccccc4	METHYLSCOPOLAMINE BROMIDE	1953	0
6024	CC(=O)OCC1=C(N2[C@H](SC1)[C@H](NC(=O)Cc3cccs3)C2=O)C(=O)O	CEFALOTIN	1975	1
2451	Cc1nnc2CN=C(c3ccccc3Cl)c4cc(Br)sc4n12	BROTIZOLAM	1984	1
3053	OC(=O)CN(CCN(CC(=O)O)CC(=O)O)CCN(CC(=O)O)CC(=O)O	PENTETIC ACID	1976	0
5281006	C\C=C\C1=C(N2[C@H](SC1)[C@H](NC(=O)[C@H](N)c3ccc(O)cc3)C2=O)C(=O)O	CEFPROZIL	1995	1
2678	OC(=O)COCCN1CCN(CC1)C(c2ccccc2)c3ccc(Cl)cc3	CETIRIZINE	1988	1
5577	COc1cc(cc(OC)c1OC)C(=O)NCc2ccc(OCCN(C)C)cc2	TRIMETHOBENZAMIDE	1974	0
4499	COC(=O)C1=C(C)NC(=C(C1c2ccccc2[N+](=O)[O-])C(=O)OCC(C)C)C	NISOLDIPINE	1995	0
5401	COc1cc2nc(nc(N)c2cc1OC)N3CCN(CC3)C(=O)C4CCCO4	TERAZOSIN	1987	0
11693	[Br-].C[N+]1(C)CCC(C1)OC(=O)C(O)(C2CCCC2)c3ccccc3	GLYCOPYRROLATE	1961	0
5362129	CCOC(=O)[C@H](CCc1ccccc1)N[C@@H](C)C(=O)N2[C@H]3CCC[C@H]3C[C@H]2C(=O)O	RAMIPRIL	1991	1
51263	CCN1N=NN(CCN2CCC(COC)(CC2)N(C(=O)CC)c3ccccc3)C1=O	ALFENTANIL	1988	0
4497	COCCOC(=O)C1=C(C)NC(=C(C1c2cccc(c2)[N+](=O)[O-])C(=O)OC(C)C)C	NIMODIPINE	1988	0
54675783	CN(C)[C@H]1[C@@H]2C[C@@H]3Cc4c(ccc(O)c4C(=C3C(=O)[C@]2(O)C(=C(C(=O)N)C1=O)O)O)N(C)C	MINOCYCLINE	1971	1
33255	Cc1nnc(SCC2=C(N3[C@H](SC2)[C@H](NC(=O)Cn4cnnn4)C3=O)C(=O)O)s1	CEFAZOLIN	1974	1
126941	CN(Cc1cnc2nc(N)nc(N)c2n1)c3ccc(cc3)C(=O)N[C@@H](CCC(=O)O)C(=O)O	METHOTREXATE	1953	1
5362065	Nc1nc(cs1)\C(=N\OCC(=O)O)\C(=O)N[C@H]2[C@H]3SCC(=C(N3C2=O)C(=O)O)C=C	CEFIXIME	1990	0
54746	CCNC(=O)N(CCCN(C)C)C(=O)[C@@H]1C[C@H]2[C@@H](Cc3c[nH]c4cccc2c34)N(CC=C)C1	CABERGOLINE	1996	0
3157	COc1cc2nc(nc(N)c2cc1OC)N3CCN(CC3)C(=O)C4COc5ccccc5O4	DOXAZOSIN	1990	0
5284607	CC(C)CCC[C@@H](C)CCC[C@@H](C)CCC\C(=C\CC1=C(C)C(=O)c2ccccc2C1=O)\C	PHYTONADIONE	1955	0
3478	Cc1cnc(cn1)C(=O)NCCc2ccc(cc2)S(=O)(=O)NC(=O)NC3CCCCC3	GLIPIZIDE	1984	1
54671203	C[C@@H]1[C@H]2[C@H](O)[C@H]3[C@H](N(C)C)C(=O)C(=C(O)[C@@]3(O)C(=O)C2=C(O)c4c(O)cccc14)C(=O)N	DOXYCYCLINE	1967	1
29321	CC(=O)Oc1ccc(cc1)C2(C(=O)N(C(=O)C)c3ccccc23)c4ccc(OC(=O)C)cc4	TRIACETYLDIPHENOLISATIN	1965	1
6037	NC1=NC(=O)c2nc(CNc3ccc(cc3)C(=O)N[C@@H](CCC(=O)O)C(=O)O)cnc2N1	FOLIC ACID	1951	0
115163	CC(C)(C)C(=O)OCOC(=O)[C@@H]1N2[C@H](SC1(C)C)[C@H](N=CN3CCCCCC3)C2=O	PIVMECILLINAM	1985	1
54892	CCOC(=O)[C@H](CCc1ccccc1)N[C@@H](C)C(=O)N2Cc3ccccc3C[C@H]2C(=O)O	QUINAPRIL	1991	1
5281881	OCCN1CCN(CC\C=C/2\c3ccccc3Sc4ccc(cc24)C(F)(F)F)CC1	FLUPENTIXOL	1981	1
14985	CC(C)CCC[C@@H](C)CCC[C@@H](C)CCC[C@]1(C)CCc2c(C)c(O)c(C)c(C)c2O1	VITAMIN E	1963	0
2375	CC(O)(CS(=O)(=O)c1ccc(F)cc1)C(=O)Nc2ccc(C#N)c(c2)C(F)(F)F	BICALUTAMIDE	1995	1
5160	COc1cccc(CCc2ccccc2OCC(CN(C)C)OC(=O)CCC(=O)O)c1	SARPOGRELATE	1993	1
9677	CCCCCCCCCC(=O)O[C@H]1CC[C@H]2[C@@H]3CCC4=CC(=O)CC[C@@H]4[C@H]3CC[C@]12C	NANDROLONE DECANOATE	1973	1
6335986	COCC1=C(N2[C@H](SC1)[C@H](NC(=O)\C(=N/OC)\c3csc(N)n3)C2=O)C(=O)O	CEFPODOXIME	1991	0
54687	CC[C@H](C)C(=O)O[C@H]1C[C@H](O)C=C2C=C[C@H](C)[C@H](CC[C@@H](O)C[C@@H](O)CC(=O)O)[C@@H]12	PRAVASTATIN	1990	1
54454	CCC(C)(C)C(=O)O[C@H]1C[C@@H](C)C=C2C=C[C@H](C)[C@H](CC[C@@H]3C[C@@H](O)CC(=O)O3)[C@@H]12	SIMVASTATIN	1990	1
16362	Fc1ccc(cc1)C(CCCN2CCC(CC2)N3C(=O)Nc4ccccc34)c5ccc(F)cc5	PIMOZIDE	1975	0
104838	C[C@@H](O)[C@@H]1[C@H]2CC(=C(N2C1=O)C(=O)O)SCCN=CN	IMIPENEM	1985	1
41987	CN(C)CC=C(c1ccc(Br)cc1)c2cccnc2	ZIMELIDINE	1982	1
5720	CC(C(=O)O)c1ccc2Sc3ccccc3C(=O)Cc2c1	ZALTOPROFEN	1993	1
4173	Cc1ncc([N+](=O)[O-])n1CCO	METRONIDAZOLE	1960	1
3446	NCC1(CC(=O)O)CCCCC1	GABAPENTIN	1993	1
8271	CCC1(C(=O)NC(=O)N(C)C1=O)c2ccccc2	METHYLPHENOBARBITAL	1935	1
5709	Cc1cc(cc(C)c1CC2=NCCN2)C(C)(C)C	XYLOMETAZOLINE	1960	1
5333	Nc1ccc(cc1)S(=O)(=O)N	SULFANILAMIDE	1965	1
6253	NC1=NC(=O)N(C=C1)[C@@H]2O[C@H](CO)[C@@H](O)[C@@H]2O	CYTARABINE	1977	1
6322	N[C@@H](CCCN=C(N)N)C(=O)O	L-ARGININE	1971	0
2796	CCOC(=O)C(C)(C)Oc1ccc(Cl)cc1	CLOFIBRATE	1968	1
3342	CC(C(=O)O)c1cccc(Oc2ccccc2)c1	FENOPROFEN	1975	1
4044	Cc1cccc(Nc2ccccc2C(=O)O)c1C	MEFENAMIC ACID	1966	1
4107	COc1ccccc1OCC(O)COC(=O)N	METHOCARBAMOL	1958	0
2083	CC(C)(C)NCC(O)c1ccc(O)c(CO)c1	SALBUTAMOL	1972	0
54670067	OC[C@H](O)[C@H]1OC(=O)C(=C1O)O	VITAMIN C	1880	0
4528	CN1CC(c2ccccc2)c3cccc(N)c3C1	NOMIFENSINE	1977	1
5193	CCCC(C)C1(CC=C)C(=O)NC(=O)NC1=O	SECOBARBITAL	1939	0
4062	CN1CCCCC1C(=O)Nc2c(C)cccc2C	MEPIVACAINE	1959	0
2733	Clc1ccc2OC(=O)Nc2c1	CHLORZOXAZONE	1949	1
2955	Nc1ccc(cc1)S(=O)(=O)c2ccc(N)cc2	DAPSONE	1971	1
4828	CC(C)NCC(O)COc1cccc2[nH]ccc12	PINDOLOL	1978	0
5161	OC(=O)c1ccccc1OC(=O)c2ccccc2O	SALSALATE	1993	1
4649	Nc1ccc(C(=O)O)c(O)c1	4-AMINOSALICYLIC ACID	1966	1
5359272	CN1CC[C@]23CCCC[C@H]2[C@H]1Cc4ccc(O)cc34	LEVORPHANOL	1953	0
5587	CN(C)CCN(Cc1ccccc1)c2ccccn2	TRIPELENNAMINE	1947	1
4688	CN(CC#C)Cc1ccccc1	PARGYLINE	1963	0
4923	CC(C)N=C(N)N=C(N)Nc1ccc(Cl)cc1	PROGUANIL	1974	0
30487	C[C@H]1[C@@H](OCCN1C)c2ccccc2	PHENDIMETRAZINE	1976	0
3331	NC(=O)OCC(COC(=O)N)c1ccccc1	FELBAMATE	1993	1
5546	Nc1nc(N)c2nc(c(N)nc2n1)c3ccccc3	TRIAMTERENE	1981	1
1775	O=C1NC(=O)C(N1)(c2ccccc2)c3ccccc3	PHENYTOIN	1951	1
2723601	NC1=NC(=S)c2[nH]cnc2N1	THIOGUANINE	1974	1
35935	CC(C(=O)O)c1ccc(N2CC=CC2)c(Cl)c1	PIRPROFEN	1982	1
42113	FC(F)OC(F)C(F)(F)F	DESFLURANE	1992	1
1054	Cc1ncc(CO)c(CO)c1O	PYRIDOXINE	1951	0
439260	NC[C@H](O)c1ccc(O)c(O)c1	NOREPINEPHRINE	1951	0
2088	NCCCC(O)(P(=O)(O)O)P(=O)(O)O	ALENDRONATE	1995	1
2370	CC(C[N+](C)(C)C)OC(=O)N	BETHANECHOL	1976	0
4943	CC(C)c1cccc(C(C)C)c1O	PROPOFOL	1993	1
3748	CC(C)NNC(=O)c1ccncc1	IPRONIAZID	1957	1
6604200	[O-][N+](=O)c1oc(\C=N\N2CC(=O)NC2=O)cc1	NITROFURANTOIN	1953	1
6251	OC[C@@H](O)[C@@H](O)[C@H](O)[C@H](O)CO	MANNITOL	1963	0
47528	[O-][N+](=O)OCCNC(=O)c1cccnc1	NICORANDIL	1983	1
2123	CN(C)c1nc(nc(n1)N(C)C)N(C)C	ALTRETAMINE	1990	0
5816	CNC[C@H](O)c1ccc(O)c(O)c1	EPINEPHRINE	1951	0
2749	CC1=CC(=O)N(O)C(=C1)C2CCCCC2	CICLOPIROX	1982	0
441314	OCCN1C[C@H](O)[C@@H](O)[C@H](O)[C@H]1CO	MIGLITOL	1996	0
3672	CC(C)Cc1ccc(cc1)C(C)C(=O)O	IBUPROFEN	1972	1
2153	CN1C(=O)N(C)c2nc[nH]c2C1=O	THEOPHYLLINE	1964	0
7029	CCN(CC)C(C)C(=O)c1ccccc1	DIETHYLPROPION	1959	0
14052	CC[C@@H](CO)NCCN[C@@H](CC)CO	ETHAMBUTOL	1969	1
26879	C1CN2C[C@@H](N=C2S1)c3ccccc3	LEVAMISOLE	1990	0
5430	c1ccc2[nH]c(nc2c1)c3cscn3	THIABENDAZOLE	1967	1
3052	CCN(CC)C(=O)N1CCN(C)CC1	DIETHYLCARBAMAZINE	1982	1
26757	C[C@H](Cc1ccccc1)N(C)CC#C	SELEGILINE	1989	0
6047	N[C@@H](Cc1ccc(O)c(O)c1)C(=O)O	LEVODOPA	1975	0
441350	C[C@](N)(Cc1ccc(O)cc1)C(=O)O	METYROSINE	1979	0
3226	FC(F)OC(F)(F)C(F)Cl	ENFLURANE	1972	1
104762	NC(=O)c1ncn([C@@H]2O[C@H](CO)[C@@H](O)[C@H]2O)c1O	MIZORIBINE	1990	1
5793	OC[C@H]1OC(O)[C@H](O)[C@@H](O)[C@@H]1O	DEXTROSE	1951	0
24066	NC1=NC(=O)N(C=C1)[C@H]2CC[C@@H](CO)O2	ZALCITABINE	1992	0
3821	CNC1(CCCCC1=O)c2ccccc2Cl	KETAMINE	1970	1
2554	NC(=O)N1c2ccccc2C=Cc3ccccc13	CARBAMAZEPINE	1968	1
50599	OC[C@@H]1CC[C@@H](O1)n2cnc3C(=O)N=CNc23	DIDANOSINE	1991	1
4674	NCCC(O)(P(=O)(O)O)P(=O)(O)O	PAMIDRONATE	1991	0
3676	CCN(CC)CC(=O)Nc1c(C)cccc1C	LIDOCAINE	1948	0
156391	COc1ccc2cc(ccc2c1)[C@H](C)C(=O)O	NAPROXEN	1975	1
2803	Clc1cccc(Cl)c1NC2=NCCN2	CLONIDINE	1973	0
38853	C[C@](N)(Cc1ccc(O)c(O)c1)C(=O)O	METHYLDOPA	1962	1
5574	CC(CN(C)C)CN1c2ccccc2Sc3ccccc13	ALIMEMAZINE	1959	1
4178	CC(N)COc1c(C)cccc1C	MEXILETINE	1985	1
1986	CC(=O)Nc1nnc(s1)S(=O)(=O)N	ACETAZOLAMIDE	1974	1
15459	Cc1cc(C)cc(OCC2CNC(=O)O2)c1	METAXALONE	1962	1
71433	Cl.Cl.NCCNCCNCCN	TRIENTINE HYDROCHLORIDE	1985	0
4909	CCC1(C(=O)NCNC1=O)c2ccccc2	PRIMIDONE	1963	0
892	OC1C(O)C(O)C(O)C(O)C1O	INOSITOL	1952	0
6082	COc1ccc(OC)c(c1)C(O)C(C)N	METHOXAMINE	1950	0
18283	CC1=CN([C@@H]2O[C@H](CO)C=C2)C(=O)NC1=O	STAVUDINE	1994	1
5852	CC(C)(S)[C@@H](N)C(=O)O	PENICILLAMINE	1964	1
5329	Cc1onc(NS(=O)(=O)c2ccc(N)cc2)c1	SULFAMETHOXAZOLE	1973	1
15250	CC(C)Cc1ccc(CC(=O)O)cc1	IBUFENAC	1966	1
11953884	CC1OC(=O)CC(O)CC(O)CC(O)CCC(O)C(O)CC(=O)CC(O)C(C(O)CC(OC2O[C@H](C)[C@@H](O)[C@H](N)[C@@H]2O)\C=C\C=C\C=C\C=C\CC\C=C\C=C\C(C)C(O)C1C)C(=O)O	NYSTATIN	1955	0
3397	CC(C)C(=O)Nc1ccc(c(c1)C(F)(F)F)[N+](=O)[O-]	FLUTAMIDE	1984	1
5733	Cc1cc(CC(=O)O)n(C)c1C(=O)c2ccc(Cl)cc2	ZOMEPIRAC	1980	0
5319	Nc1ccc(cc1)S(=O)(=O)NC(=O)c2ccccc2	SULFABENZAMIDE	1983	0
12560	CC[C@H]1OC(=O)[C@H](C)[C@@H](O[C@H]2C[C@@](C)(OC)[C@@H](O)[C@H](C)O2)[C@H](C)[C@@H](O[C@@H]3O[C@H](C)C[C@@H]([C@H]3O)N(C)C)[C@](C)(O)C[C@@H](C)C(=O)[C@H](C)[C@@H](O)[C@]1(C)O	ERYTHROMYCIN	1954	1
1549008	CN(C\C=C\C#CC(C)(C)C)Cc1cccc2ccccc12	TERBINAFINE	1993	1
2727	CCCNC(=O)NS(=O)(=O)c1ccc(Cl)cc1	CHLORPROPAMIDE	1958	1
2160	CN(C)CCC=C1c2ccccc2CCc3ccccc13	AMITRIPTYLINE	1961	1
4746	C(C(C1CCCCC1)C2CCCCC2)C3CCCCN3	PERHEXILINE	1978	1
10635	C[C@]12CC[C@H]3[C@@H](CC[C@H]4CC(=O)CC[C@]34C)[C@@H]1CC[C@@H]2O	ANDROSTANOLONE	1953	1
247	C[N+](C)(C)CC(=O)[O-]	BETAINE	1963	0
6473883	CC[C@H]1OC(=O)[C@H](C)[C@@H](O[C@H]2C[C@@](C)(OC)[C@@H](O)[C@H](C)O2)[C@H](C)[C@@H](O[C@@H]3O[C@H](C)C[C@@H]([C@H]3O)N(C)C)[C@](C)(O)C[C@@H](C)[C@@H]4N[C@@H](COCCOC)O[C@H]([C@H]4C)[C@]1(C)O	DIRITHROMYCIN	1995	1
40399	Oc1ccc(C(=O)c2cc(O)c(O)c(O)c2)c(O)c1O	EXIFONE	1961	1
2720	NS(=O)(=O)c1cc2c(NC=NS2(=O)=O)cc1Cl	CHLOROTHIAZIDE	1958	1
60613	NC1=NC(=O)N(C[C@@H](CO)OCP(=O)(O)O)C=C1	CIDOFOVIR	1996	0
5468	CC(C(=O)O)c1ccc(s1)C(=O)c2ccccc2	TIAPROFENIC ACID	1986	1
19861	CN1CCC(=C2c3ccccc3CCc4cccnc24)CC1	AZATADINE	1976	1
148124	CC(=O)O[C@@]12CO[C@@H]1C[C@H](O)[C@]3(C)[C@@H]2[C@H](OC(=O)c4ccccc4)[C@]5(O)C[C@H](OC(=O)[C@H](O)[C@@H](NC(=O)OC(C)(C)C)c6ccccc6)C(=C([C@@H](O)C3=O)C5(C)C)C	DOCETAXEL	1995	1
5284570	CN1CC[C@@]23[C@H]4CCC(=O)[C@@H]2Oc5c(O)ccc(C[C@@H]14)c35	HYDROMORPHONE	1926	0
5314	C[N+](C)(C)CCOC(=O)CCC(=O)OCC[N+](C)(C)C	SUCCINYLCHOLINE	1952	0
4911	CCCN(CCC)S(=O)(=O)c1ccc(cc1)C(=O)O	PROBENECID	1952	0
3308	CCc1cccc2c3CCOC(CC)(CC(=O)O)c3[nH]c12	ETODOLAC	1993	1
5819	N[C@@H](Cc1cc(I)c(Oc2cc(I)c(O)c(I)c2)c(I)c1)C(=O)O	LEVOTHYROXINE	1951	1
44424639	CCC1=C[C@@H]2CN(C1)Cc3c([nH]c4ccccc34)[C@@](C2)(C(=O)OC)c5cc6c(cc5OC)N(C)[C@H]7[C@@](O)([C@H](OC(=O)C)[C@]8(CC)C=CCN9CC[C@]67[C@H]89)C(=O)OC	VINORELBINE	1994	0
2724385	C[C@H]1O[C@H](C[C@H](O)[C@@H]1O)O[C@H]2[C@@H](O)C[C@H](O[C@H]3[C@@H](O)C[C@H](O[C@H]4CC[C@@]5(C)[C@H](CC[C@@H]6[C@@H]5C[C@@H](O)[C@]7(C)[C@H](CC[C@]67O)C8=CC(=O)OC8)C4)O[C@@H]3C)O[C@@H]2C	DIGOXIN	1936	0
4919	OC(CCN1CCCC1)(C2CCCCC2)c3ccccc3	PROCYCLIDINE	1955	0
445643	CO[C@@H]1C[C@@H](CC[C@H]1O)\C=C(/C)\[C@H]2OC(=O)[C@@H]3CCCCN3C(=O)C(=O)[C@]4(O)O[C@H]([C@H](C[C@@H](C)C\C(=C\[C@@H](CC=C)C(=O)C[C@H](O)[C@H]2C)\C)OC)[C@H](C[C@H]4C)OC	TACROLIMUS	1994	1
33572	C[C@H](NCCc1ccc(O)cc1)[C@H](O)c2ccc(O)cc2	RITODRINE	1984	1
14982	CC1(C)[C@H](CC[C@@]2(C)[C@H]1CC[C@]3(C)[C@@H]2C(=O)C=C4[C@@H]5C[C@](C)(CC[C@]5(C)CC[C@@]34C)C(=O)O)O[C@H]6O[C@@H]([C@@H](O)[C@H](O)[C@H]6O[C@@H]7O[C@@H]([C@@H](O)[C@H](O)[C@H]7O)C(=O)O)C(=O)O	GLYCYRRHIZIN	1994	1
2895	CN(C)CCC=C1c2ccccc2C=Cc3ccccc13	CYCLOBENZAPRINE	1977	1
2913	CN1CCC(=C2c3ccccc3C=Cc4ccccc24)CC1	CYPROHEPTADINE	1961	1
21704	Nc1ncnc2c1ncn2[C@@H]3O[C@H](CO)[C@@H](O)[C@@H]3O	VIDARABINE	1976	0
3117	CCN(CC)C(=S)SSC(=S)N(CC)CC	DISULFIRAM	1966	1
5411	CCCCNc1ccc(cc1)C(=O)OCCN(C)C	TETRACAINE	1937	0
4976	CNCCCC1c2ccccc2C=Cc3ccccc13	PROTRIPTYLINE	1966	0
2995	CNCCCN1c2ccccc2CCc3ccccc13	DESIPRAMINE	1964	0
60961	Nc1ncnc2c1ncn2[C@@H]3O[C@H](CO)[C@@H](O)[C@H]3O	ADENOSINE	1989	0
1985	CC(=O)Nc1cc(ccc1O)[As](=O)(O)O	ACETARSOL	1964	1
3690	ClCCNP1(=O)OCCCN1CCCl	IFOSFAMIDE	1988	1
2366	CNCCc1ccccn1	BETAHISTINE	1968	1
6179	CC(NN)c1ccccc1	MEBANAZINE	1960	1
3767	NNC(=O)c1ccncc1	ISONIAZID	1967	1
55283	CCC(C)N1N=CN(C1=O)c2ccc(cc2)N3CCN(CC3)c4ccc(OC[C@H]5CO[C@@](Cn6cncn6)(O5)c7ccc(Cl)cc7Cl)cc4	ITRACONAZOLE	1992	1
3007	CC(N)Cc1ccccc1	AMPHETAMINE	1996	1
392622	CC(C)[C@H](NC(=O)N(C)Cc1csc(n1)C(C)C)C(=O)N[C@H](C[C@H](O)[C@H](Cc2ccccc2)NC(=O)OCc3cncs3)Cc4ccccc4	RITONAVIR	1996	1
3639	NS(=O)(=O)c1cc2c(NCNS2(=O)=O)cc1Cl	HYDROCHLOROTHIAZIDE	1959	1
70695641	CCc1ccc(cc1)C(C)CCc2ccc(cc2)[N+](C)(C)C	CHOLESTYRAMINE	1979	0
5360696	COc1ccc2C[C@H]3[C@H]4CCCC[C@@]4(CCN3C)c2c1	DEXTROMETHORPHAN	1958	0
1349907	CN1C=CNC1=S	METHIMAZOLE	1951	1
3033	OC(=O)Cc1ccccc1Nc2c(Cl)cccc2Cl	DICLOFENAC	1980	1
1923	Oc1cccc2cccnc12	OXYQUINOLINE	1969	1
2725	CN(C)CCC(c1ccc(Cl)cc1)c2ccccn2	CHLORPHENIRAMINE	1951	0
4472	O=C(CCNNC(=O)c1ccncc1)NCc2ccccc2	NIALAMIDE	1959	1
753	OCC(O)CO	GLYCEROL	1951	1
4601	CN(C)CCOC(c1ccccc1)c2ccccc2C	ORPHENADRINE	1957	0
446987	C[C@@H]1O[C@@H]1P(=O)(O)O	FOSFOMYCIN	1996	1
